Price for 2 days,Price for 3 days
249 €
309 €
209 €
159 €
199 €
199 €
239 €
249 €
309 €
209 €
159 €
199 €
199 €
239 €
249 €
309 €
209 €
159 €
199 €
199 €
239 €
249 €
309 €
209 €
159 €
199 €
199 €
239 €
249 €
309 €
209 €
159 €
199 €
199 €
239 €
249 €
309 €
209 €
159 €
199 €
199 €
239 €
249 €
309 €
209 €
159 €
199 €
199 €
239 €
249 €
309 €
209 €
159 €
199 €
199 €
239 €
249 €
309 €
209 €
159 €
199 €
199 €
239 €
2499 €
1069 €
1509 €
1369 €
2409 €
1249 €
779 €
1199 €
1119 €
949 €
1119 €
1539 €
1119 €
1709 €
1009 €
1229 €
1229 €
1279 €
1199 €
809 €
1709 €
1009 €
1229 €
1029 €
1159 €
1199 €
809 €
2169 €
1009 €
1159 €
1029 €
1159 €
1199 €
809 €
689 €
869 €
809 €
759 €
449 €
799 €
1009 €
589 €
3299 €
809 €
759 €
449 €
799 €
1009 €
589 €
2059 €
889 €
1009 €
549 €
1159 €
929 €
569 €
1029 €
889 €
1009 €
549 €
1159 €
929 €
569 €
919 €
889 €
1009 €
549 €
1159 €
929 €
569 €
459 €
519 €
489 €
679 €
549 €
379 €
779 €
659 €
489 €
489 €
679 €
549 €
379 €
779 €
659 €
489 €
389 €
339 €
269 €
279 €
319 €
339 €
389 €
339 €
269 €
279 €
319 €
339 €
379 €
389 €
339 €
269 €
279 €
319 €
339 €
269 €
399 €
309 €
479 €
349 €
239 €
329 €
359 €
419 €
309 €
479 €
349 €
239 €
329 €
359 €
419 €
N,e,w, ,r,o,u,n,d, ,o,f, ,s,t,a,y,s
247 €
294 €
218 €
209 €
263 €
279 €
329 €
247 €
294 €
218 €
209 €
263 €
279 €
329 €
247 €
294 €
218 €
209 €
263 €
279 €
329 €
247 €
294 €
218 €
209 €
263 €
279 €
329 €
247 €
294 €
218 €
209 €
263 €
279 €
329 €
247 €
294 €
218 €
209 €
263 €
279 €
329 €
247 €
294 €
218 €
209 €
263 €
279 €
329 €
247 €
294 €
218 €
209 €
263 €
279 €
329 €
247 €
294 €
218 €
209 €
263 €
279 €
329 €
2179 €
1335 €
1239 €
3769 €
2189 €
1289 €
1589 €
1649 €
1539 €
1039 €
2789 €
1289 €
1589 €
1319 €
1499 €
1539 €
1039 €
959 €
1149 €
1379 €
1319 €
1499 €
869 €
899 €
841 €
494 €
884 €
1118 €
658 €
1099 €
1109 €
629 €
1419 €
1359 €
769 €
3339 €
1149 €
1299 €
709 €
1489 €
1189 €
729 €
1329 €
1149 €
1299 €
709 €
1489 €
1189 €
729 €
639 €
709 €
989 €
919 €
579 €
1289 €
1049 €
679 €
540 €
758 €
605 €
422 €
758 €
728 €
539 €
2619 €
899 €
659 €
469 €
839 €
749 €
599 €
989 €
529 €
469 €
359 €
379 €
449 €
469 €
989 €
529 €
469 €
359 €
379 €
449 €
469 €
339 €
479 €
679 €
619 €
479 €
339 €
429 €
479 €
539 €
339 €
531 €
383 €
263 €
367 €
394 €
462 €
519 €
609 €
419 €
299 €
409 €
429 €
499 €
N,e,w, ,r,o,u,n,d, ,o,f, ,s,t,a,y,s
354 €
481 €
345 €
258 €
324 €
339 €
396 €
354 €
481 €
345 €
258 €
324 €
339 €
396 €
354 €
481 €
345 €
258 €
324 €
339 €
396 €
354 €
481 €
345 €
258 €
324 €
339 €
396 €
354 €
481 €
345 €
258 €
324 €
339 €
396 €
354 €
481 €
345 €
258 €
324 €
339 €
396 €
354 €
481 €
345 €
258 €
324 €
339 €
396 €
354 €
481 €
345 €
258 €
324 €
339 €
396 €
354 €
481 €
345 €
258 €
324 €
339 €
396 €
2509 €
2369 €
4309 €
3959 €
1437 €
1760 €
1829 €
1707 €
1154 €
1089 €
1319 €
1589 €
1559 €
1689 €
1019 €
1259 €
1569 €
1419 €
1669 €
949 €
1219 €
1199 €
689 €
1549 €
1509 €
859 €
1239 €
1279 €
719 €
1609 €
1529 €
849 €
3712 €
1272 €
1444 €
788 €
1656 €
1324 €
814 €
729 €
789 €
1139 €
1129 €
679 €
1489 €
1269 €
769 €
4189 €
1079 €
969 €
619 €
1409 €
1119 €
739 €
3129 €
1039 €
749 €
529 €
869 €
859 €
679 €
2499 €
909 €
689 €
499 €
819 €
759 €
639 €
1212 €
643 €
571 €
441 €
463 €
539 €
568 €
419 €
579 €
679 €
539 €
399 €
479 €
529 €
589 €
759 €
689 €
529 €
369 €
479 €
529 €
609 €
579 €
689 €
479 €
339 €
459 €
489 €
569 €
659 €
659 €
449 €
329 €
429 €
449 €
529 €
N,e,w, ,r,o,u,n,d, ,o,f, ,s,t,a,y,s
449 €
539 €
429 €
279 €
389 €
419 €
449 €
449 €
539 €
429 €
279 €
389 €
419 €
449 €
449 €
539 €
429 €
279 €
389 €
419 €
449 €
449 €
539 €
429 €
279 €
389 €
419 €
449 €
449 €
539 €
429 €
279 €
389 €
419 €
449 €
449 €
539 €
429 €
279 €
389 €
419 €
449 €
449 €
539 €
429 €
279 €
389 €
419 €
449 €
449 €
539 €
429 €
279 €
389 €
419 €
449 €
449 €
539 €
429 €
279 €
389 €
419 €
449 €
3089 €
5169 €
4819 €
1389 €
1689 €
1969 €
2029 €
2139 €
1319 €
1629 €
2029 €
1889 €
2119 €
1249 €
1589 €
2159 €
2029 €
2109 €
1159 €
1229 €
1249 €
709 €
1589 €
1519 €
849 €
1239 €
1319 €
739 €
1639 €
1529 €
839 €
939 €
999 €
1469 €
1499 €
879 €
1919 €
1669 €
979 €
5579 €
1409 €
1339 €
819 €
1839 €
1519 €
949 €
4519 €
1369 €
1119 €
739 €
1539 €
1259 €
889 €
2749 €
1029 €
709 €
519 €
789 €
799 €
659 €
2219 €
859 €
669 €
489 €
749 €
709 €
629 €
419 €
579 €
669 €
549 €
409 €
469 €
529 €
589 €
1599 €
679 €
539 €
389 €
479 €
529 €
599 €
719 €
679 €
499 €
359 €
459 €
499 €
569 €
679 €
669 €
459 €
339 €
439 €
459 €
549 €
629 €
649 €
439 €
329 €
419 €
429 €
719 €
N,e,w, ,r,o,u,n,d, ,o,f, ,s,t,a,y,s
539 €
659 €
519 €
339 €
469 €
499 €
579 €
539 €
659 €
519 €
339 €
469 €
499 €
579 €
539 €
659 €
519 €
339 €
469 €
499 €
579 €
539 €
659 €
519 €
339 €
469 €
499 €
579 €
539 €
659 €
519 €
339 €
469 €
499 €
579 €
539 €
659 €
519 €
339 €
469 €
499 €
579 €
539 €
659 €
519 €
339 €
469 €
499 €
579 €
539 €
659 €
519 €
339 €
469 €
499 €
579 €
539 €
659 €
519 €
339 €
469 €
499 €
579 €
6149 €
5789 €
2109 €
2559 €
2639 €
1649 €
2049 €
2459 €
2409 €
2619 €
1579 €
1999 €
2599 €
2559 €
2609 €
1489 €
1959 €
2739 €
2539 €
2589 €
1399 €
1519 €
1579 €
889 €
1989 €
1879 €
1039 €
1539 €
1649 €
919 €
2039 €
1889 €
1029 €
1839 €
1909 €
1109 €
2399 €
2119 €
1219 €
7189 €
1769 €
1749 €
1049 €
2309 €
1959 €
1189 €
6089 €
1729 €
1519 €
959 €
2009 €
1699 €
1129 €
4989 €
1689 €
1299 €
869 €
1699 €
1439 €
1059 €
3069 €
1189 €
849 €
619 €
909 €
929 €
789 €
2549 €
1009 €
799 €
589 €
859 €
839 €
759 €
819 €
679 €
509 €
579 €
659 €
719 €
1889 €
829 €
669 €
489 €
589 €
659 €
729 €
1859 €
829 €
629 €
459 €
569 €
619 €
709 €
849 €
819 €
589 €
429 €
549 €
589 €
679 €
809 €
809 €
559 €
409 €
529 €
549 €
919 €
759 €
789 €
529 €
399 €
509 €
519 €
859 €
N,e,w, ,r,o,u,n,d, ,o,f, ,s,t,a,y,s
569 €
637 €
549 €
359 €
489 €
529 €
619 €
569 €
637 €
549 €
359 €
489 €
529 €
619 €
569 €
637 €
549 €
359 €
489 €
529 €
619 €
569 €
637 €
549 €
359 €
489 €
529 €
619 €
569 €
637 €
549 €
359 €
489 €
529 €
619 €
569 €
637 €
549 €
359 €
489 €
529 €
619 €
569 €
637 €
549 €
359 €
489 €
529 €
619 €
569 €
637 €
549 €
359 €
489 €
529 €
619 €
569 €
637 €
549 €
359 €
489 €
529 €
619 €
6912 €
1928 €
2180 €
2305 €
1486 €
2379 €
2979 €
3039 €
3049 €
1789 €
2329 €
3119 €
3009 €
3039 €
1699 €
2289 €
3259 €
2979 €
3019 €
1609 €
1549 €
1629 €
919 €
2039 €
1909 €
1049 €
1749 €
1809 €
1029 €
2439 €
2089 €
1179 €
6456 €
1506 €
1421 €
719 €
1675 €
1729 €
1471 €
7499 €
2059 €
1899 €
1159 €
2439 €
2099 €
1339 €
6399 €
2019 €
1669 €
1069 €
2129 €
1839 €
1269 €
5299 €
1969 €
1439 €
979 €
1829 €
1579 €
1209 €
2869 €
1149 €
839 €
619 €
869 €
909 €
789 €
2919 €
1159 €
909 €
669 €
899 €
949 €
889 €
1849 €
839 €
679 €
499 €
589 €
669 €
739 €
2109 €
959 €
749 €
549 €
659 €
729 €
819 €
2089 €
949 €
709 €
529 €
639 €
699 €
799 €
959 €
949 €
669 €
499 €
629 €
659 €
1089 €
799 €
819 €
549 €
409 €
529 €
539 €
909 €
969 €
919 €
649 €
479 €
609 €
629 €
1019 €
N,e,w, ,r,o,u,n,d, ,o,f, ,s,t,a,y,s
